id,class1_prob,label
h_f1_1270,0.0546055,0
h_f1_1254,2.48154e-05,0
h_f1_1273,0.0783041,0
h_f1_1267,4.7382e-07,0
h_f1_1264,0.0547829,0
h_f1_1261,0.760138,1
t_f1_1296,1.0,1
t_f1_1260,1.0,1
t_f1_1257,1.0,1
t_f1_1251,1.0,1
