id,class0_prob,class1_prob,label
h_f1_1270,0.81315,0.18685,0
h_f1_1254,0.733293,0.266707,0
h_f1_1273,0.701137,0.298863,0
h_f1_1267,0.931656,0.0683438,0
h_f1_1264,0.875901,0.124099,0
h_f1_1261,0.569754,0.430246,0
t_f1_1296,0.414248,0.585752,1
t_f1_1260,0.425512,0.574489,1
t_f1_1257,0.205107,0.794893,1
t_f1_1251,0.560596,0.439404,0
